<?xml version="1.0" encoding="UTF-8"?>
<project-private xmlns="http://www.netbeans.org/ns/project-private/1">
    <editor-bookmarks xmlns="http://www.netbeans.org/ns/editor-bookmarks/2" lastBookmarkId="0"/>
    <open-files xmlns="http://www.netbeans.org/ns/projectui-open-files/2">
        <group>
            <file>file:/C:/Users/drago/OneDrive/Έγγραφα/NetBeansProjects/JavaApplication3/src/mypackage/Signupscrn.java</file>
            <file>file:/C:/Users/drago/OneDrive/Έγγραφα/NetBeansProjects/JavaApplication3/src/mypackage/bushomescreen.java</file>
            <file>file:/C:/Users/drago/OneDrive/Έγγραφα/NetBeansProjects/JavaApplication3/src/mypackage/Globals.java</file>
            <file>file:/C:/Users/drago/OneDrive/Έγγραφα/NetBeansProjects/JavaApplication3/src/mypackage/invscr.java</file>
            <file>file:/C:/Users/drago/OneDrive/Έγγραφα/NetBeansProjects/JavaApplication3/src/mypackage/JFrame.java</file>
            <file>file:/C:/Users/drago/OneDrive/Έγγραφα/NetBeansProjects/JavaApplication3/src/mypackage/repscreen.java</file>
            <file>file:/C:/Users/drago/OneDrive/Έγγραφα/NetBeansProjects/JavaApplication3/src/mypackage/uslistscr.java</file>
            <file>file:/C:/Users/drago/OneDrive/Έγγραφα/NetBeansProjects/JavaApplication3/src/mypackage/BusDropFormscr.java</file>
        </group>
    </open-files>
</project-private>
